sep=,
FREQ_4,y001,x001,z001,q001,y002,x002,z002,q002,y003,x003,z003,q003,y004,x004,z004,q004,y005,x005,z005,q005,y006,x006,z006,q006
1960/03/31,1.5972506411,0.1486967769,0.9963042786,0.0909403632,1.6373032400,0.2284495375,0.9852444313,0.1815232662,1.6653877609,0.3020576315,0.9669022061,0.2713930501,1.3493521367,0.3697305651,0.9414131787,0.3601976492,1.3718823498,0.4320197961,0.9089657497,0.4475903652,1.3865777325,0.4897249001,0.8697997524,0.5332316142
1960/06/30,1.6852387625,0.2213886049,0.9936910321,0.1645232662,1.7257307228,0.2978548706,0.9789763942,0.2543930501,1.7509919716,0.3676672802,0.9570404913,0.3431976492,1.3894528427,0.4311973937,0.9280454613,0.4305903652,1.4053750241,0.4891404468,0.8922056193,0.5162316142,1.4136299583,0.5424134575,0.8497858735,0.5997906375
1960/09/30,1.7560695545,0.2918127216,0.9892444313,0.2373930501,1.7910340486,0.3642678303,0.9709022061,0.3261976492,1.8090768400,0.4296544007,0.9454131787,0.4135903652,1.4236870864,0.4885115684,0.9129657497,0.4992316142,1.4325808894,0.5416794878,0.8737997524,0.5827906375,1.4341331636,0.5901900807,0.8282046800,0.6639471686
1960/12/31,1.8154607470,0.3591814003,0.9829763942,0.3091976492,1.8418995575,0.4269703515,0.9610404913,0.3965903652,1.8505723375,0.4873835033,0.9320454613,0.4822316142,1.4514365533,0.5411301751,0.8962056193,0.5657906375,1.4530399038,0.5891936243,0.8537858735,0.6469471686,1.4477910760,0.6327152550,0.8050997669,0.7253930471
1961/03/31,1.8652694918,0.4227675905,0.9749022061,0.3795903652,1.8813835624,0.4853202184,0.9494131787,0.4652316142,1.8794230861,0.5403077727,0.9169657497,0.5487906375,1.4722391984,0.5886091711,0.8777997524,0.6299471686,1.4664591698,0.6313458094,0.8322046800,0.7083930471,1.4544806315,0.6697601664,0.7805175460,0.7838337710
1961/06/30,1.9057673617,0.4819207685,0.9650404913,0.4482316142,1.9104241471,0.5387647798,0.9360454613,0.5317906375,1.8971023392,0.5879802926,0.9002056193,0.6129471686,1.4858019295,0.6306118397,0.8577858735,0.6913930471,1.4727207441,0.6679107361,0.8090997669,0.7668337710,1.4542547425,0.7012091257,0.7545071602,0.8389899810
1961/09/30,1.9366285870,0.5360807305,0.9534131787,0.5147906375,1.9291345041,0.5868522275,0.9209657497,0.5959471686,1.9041077012,0.6300625270,0.8817997524,0.6743930471,1.4920084142,0.6669142796,0.8362046800,0.7498337710,1.4718843525,0.6987772275,0.7845175460,0.8219899810,1.4473399010,0.7270588452,0.7271203928,0.8905988680
1961/12/31,1.9573880306,0.5847889427,0.9400454613,0.5789471686,1.9373944339,0.6292401246,0.9042056193,0.6573930471,1.9006396848,0.6663298264,0.8617858735,0.7328337710,1.4909217733,0.6974077820,0.8130997669,0.8049899810,1.4641849234,0.7239474722,0.7585071602,0.8735988680,1.4341286864,0.7474146069,0.6984115715,0.9384154976
1962/03/31,1.9676568588,0.6276971317,0.9249657497,0.6403930471,1.9351220513,0.6657009480,0.8857997524,0.7158337710,1.8869084193,0.6966738123,0.8402046800,0.7879899810,1.4827820772,0.7220980419,0.7885175460,0.8565988680,1.4500250112,0.7435331404,0.7311203928,0.9214154976,1.4151673995,0.7624834530,0.6684374682,0.9822140440
1962/06/30,1.9672251977,0.6645728828,0.9082056193,0.6988337710,1.9223974467,0.6961244996,0.8657858735,0.7709899810,1.8632688511,0.7211015855,0.8170997669,0.8395988680,1.4679987167,0.7411012422,0.7625071602,0.9044154976,1.4299623328,0.7577485143,0.7024115715,0.9652140440,1.3911391908,0.7725646149,0.6372571938,1.0217889281
1962/09/30,1.9561097825,0.6953020972,0.8897997524,0.7539899810,1.8995155375,0.7205171322,0.8442046800,0.8225988680,1.8302746646,0.7397317967,0.7925175460,0.8874154976,1.4471378686,0.7546371414,0.7351203928,0.9482140440,1.4046927824,0.7669008494,0.6724374682,1.0047889281,1.3628431831,0.7780374815,0.6049320893,1.0569558535
1962/12/31,1.9345726527,0.7198882538,0.8697858735,0.8055988680,1.8670029414,0.7389978270,0.8210997669,0.8704154976,1.7886917238,0.7527877111,0.7665071602,0.9312140440,1.4209054277,0.7630193829,0.7064115715,0.9877889281,1.3750294310,0.7713782672,0.6412571938,1.0399558535,1.3311702121,0.7793474777,0.5715256121,1.0875527347
1963/03/31,1.9031226905,0.7384485143,0.8482046800,0.8534154976,1.8256147406,0.7517912546,0.7965175460,0.9142140440,1.7394897044,0.7605874848,0.7391203928,0.9707889281,1.3901259070,0.7666433285,0.6764374682,1.0229558535,1.3418781313,0.7716355512,0.6089320893,1.0705527347,1.2970759068,0.7769902860,0.5371032185,1.1134405142
1963/06/30,1.8625055063,0.7512068014,0.8250997669,0.8972140440,1.7763185925,0.7592180393,0.7705071602,0.9537889281,1.6838207409,0.7635319556,0.7104115715,1.0059558535,1.3557179304,0.7659717858,0.6452571938,1.0535527347,1.3062104529,0.7681782813,0.5755256121,1.0964405142,1.2615519129,0.7714948926,0.5017322432,1.1345038633
1963/09/30,1.8136844629,0.7584840695,0.8005175460,0.9367889281,1.7202699596,0.7616825252,0.7431203928,0.9889558535,1.6229895725,0.7620903193,0.6804374682,1.0365527347,1.3186670440,0.7615190670,0.6129320893,1.0794405142,1.2690347520,0.7615457860,0.5411032185,1.1175038633,1.2255961185,0.7634059729,0.4654817746,1.1506517629
1963/12/31,1.7578145122,0.7606860688,0.7745071602,0.9719558535,1.6587806732,0.7596584211,0.7144115715,1.0195527347,1.5584177991,0.7567841283,0.6492571938,1.0624405142,1.2799966503,0.7538338596,0.5795256121,1.1005038633,1.2313662366,0.7522934316,0.5057322432,1.1336517629,1.1901827694,0.7532661509,0.4284225268,1.1618179621
1964/03/31,1.6962101133,0.7582889756,0.7471203928,1.0025527347,1.5932824209,0.7536727554,0.6844374682,1.0454405142,1.4916040783,0.7481700941,0.6169320893,1.0835038633,1.2407379281,0.7434814269,0.5451032185,1.1166517629,1.1941969155,0.7409747801,0.4694817746,1.1448179621,1.1562333688,0.7415986667,0.3906267092,1.1679613126
1964/06/30,1.6303083976,0.7518233251,0.7184115715,1.0284405142,1.5252865282,0.7442886276,0.6532571938,1.0665038633,1.4240817860,0.7368222126,0.5835256121,1.0996517629,1.2018996279,0.7310256736,0.5097322432,1.1278179621,1.1584663279,0.7281241545,0.4324225268,1.1509613126,1.1245892289,0.7288909776,0.3521678930,1.1690659753
1964/09/30,1.5616287619,0.7418567295,0.6884374682,1.0495038633,1.4563413519,0.7320872739,0.6209320893,1.0826517629,1.3573755440,0.7233137471,0.5491032185,1.1108179621,1.1644386408,0.7170116133,0.4734817746,1.1339613126,1.1250339232,0.7142401356,0.3946267092,1.1520659753,1.0959864972,0.7155797833,0.3131208751,1.1651415005
1964/12/31,1.4917301186,0.7289759010,0.6572571938,1.0656517629,1.3879885961,0.7176499816,0.5875256121,1.0938179621,1.2929579663,0.7081996085,0.5137322432,1.1169613126,1.1292322117,0.7019487648,0.4364225268,1.1350659753,1.0946539133,0.6997704825,0.3561678930,1.1481415005,1.0710344038,0.7020379278,0.2735615395,1.1562227801
1965/03/31,1.4221670791,0.7137685151,0.6249320893,1.0768179621,1.3217198628,0.7015403942,0.5531032185,1.0999613126,1.2322079306,0.6919996583,0.4774817746,1.1180659753,1.0970526221,0.6862959704,0.3986267092,1.1311415005,1.0679533480,0.6850989307,0.3171208751,1.1392227801,1.0501973809,0.6885635682,0.2335667178,1.1423698708
1965/06/30,1.3544463630,0.6968054556,0.5915256121,1.0829613126,1.2589347251,0.6842877318,0.5177322432,1.1010659753,1.1763716198,0.6751834291,0.4404225268,1.1141415005,1.0685450928,0.6704480887,0.3601678930,1.1222227801,1.0454140655,0.6705342580,0.2775615395,1.1253698708,1.0337815927,0.6753719348,0.1932140464,1.1236676927
1965/09/30,1.2899847182,0.6786239664,0.5571032185,1.0840659753,1.2009015630,0.6663714244,0.4814817746,1.0971415005,1.1265274884,0.6581567179,0.4026267092,1.1052227801,1.0442095610,0.6547249573,0.3211208751,1.1083698708,1.0273590565,0.6563019458,0.2375667178,1.1066676927,1.0219262797,0.6625899276,0.1525818233,1.1002256004
1965/12/31,1.2300695853,0.6597122101,0.5217322432,1.0801415005,1.1487223124,0.6482076114,0.4444225268,1.0882227801,1.0835561888,0.6412504451,0.3641678930,1.0913698708,1.0243868723,0.6393629486,0.2815615395,1.0896676927,1.0139436483,0.6425386778,0.1972140464,1.0832256004,1.0146001783,0.6502537061,0.1117488633,1.0721768325
1966/03/31,1.1758236604,0.6404956849,0.4854817746,1.0712227801,1.1033021637,0.6301379038,0.4066267092,1.0743698708,1.0481163446,0.6247121067,0.3251208751,1.0726676927,1.0092497954,0.6245093676,0.2415667178,1.0662256004,1.0051517726,0.6292898391,0.1565818233,1.0551768325,1.0116031287,0.6383093423,0.0707943524,1.0396778401
1966/06/30,1.1281743928,0.6213258991,0.4484225268,1.0573698708,1.0653251003,0.6124207359,0.3681678930,1.0556676927,1.0206268855,0.6087000669,0.2855615395,1.0492256004,0.9987991243,0.6102198501,0.2012140464,1.0381768325,1.0007974295,0.6165100819,0.1157488633,1.0226778401,1.0125728246,0.6266165106,0.0297977013,1.0029074986
1966/09/30,1.0878293084,0.6024716293,0.4106267092,1.0386676927,1.0352359898,0.5952255547,0.3291208751,1.0322256004,1.0012564609,0.5932808529,0.2455667178,1.0211768325,0.9928649823,0.5964588321,0.1605818233,1.0056778401,1.0005313027,0.6040669345,0.0747943524,0.9859074986,1.0169965076,0.6149550981,-0.0111616016,0.9620662058
1966/12/31,1.0552578746,0.5841130134,0.3721678930,1.0152256004,1.0132297494,0.5786300110,0.2895615395,1.0041768325,0.9899202421,0.5784295219,0.2052140464,0.9886778401,0.9911132848,0.5831030675,0.1197488633,0.9689074986,1.0038523323,0.5917473382,0.0337977013,0.9450662058,1.0242272622,0.6030345295,-0.0520041367,0.9173748731
1967/03/31,1.0306804306,0.5663386402,0.3331208751,0.9871768325,0.9992478987,0.5626202212,0.2495667178,0.9716778401,0.9862842023,0.5640330785,0.1645818233,0.9519074986,0.9930571681,0.5699480778,0.0787943524,0.9280662058,1.0101238989,0.5792669058,-0.0071616016,0.9003748731,1.0335044271,0.5905055188,-0.0926507003,0.8690738115
1967/06/30,1.0140644964,0.5491457090,0.2935615395,0.9546778401,0.9929825884,0.5470940813,0.2092140464,0.9349074986,0.9897767437,0.5498968280,0.1237488633,0.9110662058,0.9980730399,0.5567173297,0.0377977013,0.8833748731,1.0185941388,0.5662816149,-0.0480041367,0.8520738115,1.0439775192,0.5769738859,-0.1330224511,0.8174215208
1967/09/30,1.0051285547,0.5324432394,0.2535667178,0.9179074986,0.9938879787,0.5318675179,0.1685818233,0.8940662058,0.9996073207,0.5357534628,0.0827943524,0.8663748731,1.0054207715,0.5430738551,-0.0031616016,0.8350738115,1.0284197851,0.5524015751,-0.0886507003,0.8004215208,1.0547329571,0.5620160132,-0.1730410558,0.7626933878
1967/12/31,1.0033531783,0.5160582171,0.2132140464,0.8770662058,1.0011986192,0.5166834737,0.1277488633,0.8493748731,1.0147915041,0.5212745947,0.0417977013,0.8180738115,1.0142674289,0.5286339515,-0.0440041367,0.7834215208,1.0386928245,0.5372064444,-0.1290224511,0.7456933878,1.0648227914,0.5451954670,-0.2126288340,0.7051802976
1968/03/31,1.0079991590,0.4997444766,0.1725818233,0.8323748731,1.0139542750,0.5012233448,0.0867943524,0.8010738115,1.0341817382,0.5060843754,0.0008383984,0.7664215208,1.0237138330,0.5129825405,-0.0846507003,0.7286933878,1.0484691764,0.5202620197,-0.1690410558,0.6881802976,1.0732945869,0.5260802726,-0.2517089017,0.6451871686
1968/06/30,1.0181320858,0.4831940347,0.1317488633,0.7840738115,1.0310304555,0.4851205084,0.0457977013,0.7494215208,1.0565028746,0.4897747807,-0.0400041367,0.7116933878,1.0328231558,0.4956897089,-0.1250224511,0.6711802976,1.0567985391,0.5011374911,-0.2086288340,0.6281871686,1.0792215648,0.5042603115,-0.2902053136,0.5830314157
1968/09/30,1.0326526287,0.4660505194,0.0907943524,0.7324215208,1.0511737317,0.4679755203,0.0048383984,0.6946933878,1.0803914277,0.4719220853,-0.0806507003,0.6541802976,1.0406506999,0.4763279224,-0.1650410558,0.6111871686,1.0627545142,0.4794228278,-0.2477089017,0.5660314157,1.0817321088,0.4793643025,-0.3280432033,0.5190413513
1968/12/31,1.0503316191,0.4479242705,0.0497977013,0.6776933878,1.0730407861,0.4493725092,-0.0360041367,0.6371802976,1.1044373824,0.4521040185,-0.1210224511,0.5941871686,1.0462739716,0.4544893805,-0.2046288340,0.5490314157,1.0654641109,0.4547457584,-0.2862053136,0.5020413513,1.0800377544,0.4510758422,-0.3651489220,0.4535545303
1969/03/31,1.0698488709,0.4284086423,0.0088383984,0.6201802976,1.0952400329,0.4288962586,-0.0766507003,0.5771871686,1.1272273153,0.4299170697,-0.1610410558,0.5320314157,1.0488221491,0.4298029770,-0.2437089017,0.4850413513,1.0641357496,0.4267878215,-0.3240432033,0.4365545303,1.0734588251,0.4191480062,-0.4014501743,0.3869160499
1969/06/30,1.0898345833,0.4070969982,-0.0320041367,0.5601871686,1.1163745659,0.4061494461,-0.1170224511,0.5150314157,1.1473875483,0.4049934082,-0.2006288340,0.4680413513,1.0475040685,0.4019503378,-0.2822053136,0.4195545303,1.0580849306,0.3952989849,-0.3611489220,0.3699160499,1.0614469510,0.3834160520,-0.4368761521,0.3194768101
1969/09/30,1.1089120848,0.3835998700,-0.0726507003,0.4980314157,1.1350851590,0.3807695043,-0.1570410558,0.4510413513,1.1636260553,0.3770168905,-0.2397089017,0.4025545303,1.0416338899,0.3706804408,-0.3200432033,0.3529160499,1.0467567997,0.3601103790,-0.3974501743,0.3024768101,1.0436037943,0.3438078255,-0.4713576655,0.2515917461
1969/12/31,1.1257406438,0.3575617444,-0.1130224511,0.4340413513,1.1500920387,0.3524445797,-0.1966288340,0.3855545303,1.1747718803,0.3457376594,-0.2782053136,0.3359160499,1.0306536783,0.3358223582,-0.3571489220,0.2854768101,1.0297449382,0.3211447413,-0.4328761521,0.2345917461,1.0196954208,0.3003515345,-0.5048272704,0.1836180393
1970/03/31,1.1390570695,0.3286769561,-0.1530410558,0.3685545303,1.1602341899,0.3209280906,-0.2357089017,0.3189160499,1.1798109017,0.3109848745,-0.3160432033,0.2684768101,1.0141522251,0.2972957200,-0.3934501743,0.2175917461,1.0068058131,0.2784242381,-0.4673576655,0.1666180393,0.9896618844,0.2531806341,-0.5372193938,0.1159133180
1970/06/30,1.1477148635,0.2967041867,-0.1926288340,0.3019160499,1.1645050295,0.2860514273,-0.2742053136,0.2514768101,1.1779168843,0.2726771760,-0.3531489220,0.2005917461,0.9918795457,0.2551185651,-0.4288761521,0.1496180393,0.9778684548,0.2320754071,-0.5008272704,0.0989133180,0.9536217331,0.2025356543,-0.5684704543,0.0488338549
1970/09/30,1.1507197597,0.2614791165,-0.2317089017,0.2344768101,1.1620833909,0.2477343945,-0.3120432033,0.1835917461,1.1684769040,0.2308305444,-0.3894501743,0.1326180393,0.9637566216,0.2094123229,-0.4633576655,0.0819133180,0.9430390711,0.1823310493,-0.5332193938,0.0318338549,0.9118712969,0.1487628876,-0.5985189803,-0.0172672278
1970/12/31,1.1472605956,0.2229248257,-0.2702053136,0.1665917461,1.1523589055,0.2059930606,-0.3491489220,0.1156180393,1.1511103980,0.1855633016,-0.4248761521,0.0649133180,0.9298800930,0.1604037530,-0.4968272704,0.0148338549,0.9026004542,0.1295289901,-0.5644704543,-0.0342672278,0.8648787700,0.0923099514,-0.6273057231,-0.0820417378
1971/03/31,1.1367346037,0.1810596134,-0.3080432033,0.0986180393,1.1349510331,0.1609447576,-0.3854501743,0.0479133180,1.1256812825,0.1370980800,-0.4593576655,-0.0021661451,0.8905217589,0.1084237631,-0.5292193938,-0.0512672278,0.8570061945,0.0741077206,-0.5945189803,-0.0990417378,0.8132732572,0.0337183302,-0.6547737669,-0.1451481673
1971/06/30,1.1187663741,0.1360019761,-0.3451489220,0.0309133180,1.1097211841,0.1128100592,-0.4208761521,-0.0191661451,1.0923027881,0.0857606788,-0.4928272704,-0.0682672278,0.8461228989,0.0539031156,-0.5604704543,-0.1160417378,0.8068698681,0.0165990258,-0.6233057231,-0.1621481673,0.7578291004,-0.0263869080,-0.6808686335,-0.2062534137
1971/09/30,1.0932199333,0.0879725755,-0.3814501743,-0.0361661451,1.0767775838,0.0619116575,-0.4553576655,-0.0852672278,1.0513348782,0.0319758192,-0.5252193938,-0.1330417378,0.7972835797,-0.0026348717,-0.5905189803,-0.1791481673,0.7529495143,-0.0423822073,-0.6507737669,-0.2232534137,0.6994459426,-0.0873099392,-0.7055383837,-0.2650344584
1971/12/31,1.0602035884,0.0372931135,-0.4168761521,-0.1022672278,1.0364727443,0.0086701462,-0.4888272704,-0.1500417378,1.0033743404,-0.0237400987,-0.5564704543,-0.1961481673,0.7447472640,-0.0605844381,-0.6193057231,-0.2402534137,0.6961278569,-0.1021507224,-0.6768686335,-0.2820344584,0.6391251128,-0.1482992030,-0.7287337126,-0.3211799937
1972/03/31,1.0200674037,-0.0156178745,-0.4513576655,-0.1670417378,0.9893936313,-0.0464031829,-0.5212193938,-0.2131481673,0.9492378533,-0.0807890431,-0.5865189803,-0.2572534137,0.6893811735,-0.1192700268,-0.6467737669,-0.2990344584,0.6373888534,-0.1619658133,-0.7015383837,-0.3381799937,0.5779430231,-0.2085641901,-0.7504080412,-0.3743919923
1972/06/30,0.9733933963,-0.0702522042,-0.4848272704,-0.2301481673,0.9363448302,-0.1027163395,-0.5524704543,-0.2742534137,0.8899385455,-0.1385039243,-0.6153057231,-0.3160344584,0.6321529881,-0.1779611126,-0.6728686335,-0.3551799937,0.5777912601,-0.2210480099,-0.7247337126,-0.3913919923,0.5170223578,-0.2672935276,-0.7705176025,-0.4243872085
1972/09/30,0.9209787552,-0.1260220125,-0.5172193938,-0.2912534137,0.8783252262,-0.1596091513,-0.5825189803,-0.3330344584,0.8266567539,-0.1961633435,-0.6427737669,-0.3721799937,0.5741045691,-0.2358887931,-0.6975383837,-0.4083919923,0.5184399924,-0.2785970595,-0.7464080412,-0.4413872085,0.4575018992,-0.3236738478,-0.7890215222,-0.4708986057
1972/12/31,0.8638125972,-0.1822722355,-0.5484704543,-0.3500344584,0.8164989035,-0.2163679484,-0.6113057231,-0.3891799937,0.7607058604,-0.2530080975,-0.6688686335,-0.4253919923,0.5163234830,-0.2922636698,-0.7207337126,-0.4583872085,0.4604561232,-0.3338106909,-0.7665176025,-0.4878986057,0.4005058745,-0.3769089050,-0.8058818943,-0.5136767017
1973/03/31,0.8030469652,-0.2382952448,-0.5785189803,-0.4061799937,0.7521611426,-0.2722419950,-0.6387737669,-0.4423919923,0.6934942331,-0.3082589692,-0.6935383837,-0.4753872085,0.4599131683,-0.3462945107,-0.7424080412,-0.5048986057,0.4049464013,-0.3859036272,-0.7850215222,-0.5306767017,0.3471137215,-0.4262383971,-0.8210638515,-0.5524908261
1973/06/30,0.7399629461,-0.2933472220,-0.6073057231,-0.4593919923,0.6867005401,-0.3264612000,-0.6648686335,-0.4923872085,0.6264844120,-0.3611352939,-0.7167337126,-0.5218986057,0.4059626255,-0.3972071590,-0.7625176025,-0.5476767017,0.3529731876,-0.4341263040,-0.8018818943,-0.5694908261,0.2983311581,-0.4709559551,-0.8345356291,-0.5871302823
1973/09/30,0.6759329317,-0.3466658050,-0.6347737669,-0.5093872085,0.6215583888,-0.3782545983,-0.6895383837,-0.5388986057,0.5611507611,-0.4108737694,-0.7384080412,-0.5646767017,0.3555165247,-0.4442631470,-0.7810215222,-0.5864908261,0.3055256903,-0.4777827585,-0.8170638515,-0.6041302823,0.2550633990,-0.5104257911,-0.8462686243,-0.6174054097
1973/12/31,0.6123801595,-0.3974884958,-0.6608686335,-0.5558986057,0.5581865379,-0.4268690687,-0.7127337126,-0.5816767017,0.4989368503,-0.4567469669,-0.7585176025,-0.6034908261,0.3095466134,-0.4867774806,-0.7978818943,-0.6211302823,0.2634933432,-0.5162471785,-0.8305356291,-0.6344054097,0.2180913020,-0.5440975292,-0.8562374487,-0.6431485387
1974/03/31,0.5507367511,-0.4450712996,-0.6855383837,-0.5986767017,0.4980049966,-0.4715877501,-0.7344080412,-0.6204908261,0.4412138419,-0.4980810125,-0.7770215222,-0.6381302823,0.2689252644,-0.5241350854,-0.8130638515,-0.6514054097,0.2276421060,-0.5489786409,-0.8422686243,-0.6601485387,0.1880511341,-0.5715188039,-0.8644199753,-0.6642148360
1974/06/30,0.4924015101,-0.4887070545,-0.7087337126,-0.6374908261,0.4423605508,-0.5117476228,-0.7545176025,-0.6551302823,0.3892411188,-0.5342719285,-0.7938818943,-0.6684054097,0.2344019426,-0.5558054442,-0.8265356291,-0.6771485387,0.1985943765,-0.5755336202,-0.8522374487,-0.6812148360,0.1654185426,-0.5923452690,-0.8707973795,-0.6804830345
1974/09/30,0.4386987473,-0.5277429221,-0.7304080412,-0.6721302823,0.3924876305,-0.5467557483,-0.7730215222,-0.6854054097,0.3441303280,-0.5648001664,-0.8090638515,-0.6941485387,0.2065832780,-0.5813550076,-0.8382686243,-0.6982148360,0.1768130987,-0.5955759148,-0.8604199753,-0.6974830345,0.1504971896,-0.6063477412,-0.8753541739,-0.6918560439
1974/12/31,0.3908393692,-0.5615965315,-0.7505176025,-0.7024054097,0.3494725981,-0.5761036982,-0.7898818943,-0.7111485387,0.3068139070,-0.5892429145,-0.8225356291,-0.7152148360,0.1859173282,-0.6004570264,-0.8482374487,-0.7144830345,0.1625905224,-0.6088837140,-0.8667973795,-0.7088560439,0.1434123674,-0.6134162851,-0.8780782369,-0.6982614403
1975/03/31,0.3498853965,-0.5897703086,-0.7690215222,-0.7281485387,0.3142225223,-0.5993797576,-0.8050638515,-0.7322148360,0.2780190237,-0.6072838297,-0.8342686243,-0.7314830345,0.1726824842,-0.6128985302,-0.8564199753,-0.7258560439,0.1560419326,-0.6153536132,-0.8713541739,-0.7152614403,0.1441097681,-0.6135611332,-0.8789608350,-0.6996518311
1975/06/30,0.3167189774,-0.6118635774,-0.7858818943,-0.7492148360,0.2874393675,-0.6162785519,-0.8185356291,-0.7484830345,0.2582477020,-0.6187199176,-0.8442374487,-0.7428560439,0.1669813362,-0.6185842590,-0.8627973795,-0.7322614403,0.1571045192,-0.6150014734,-0.8740782369,-0.7166518311,0.1523594211,-0.6069104330,-0.8779966391,-0.6960050935
1975/09/30,0.2920168215,-0.6275820837,-0.8010638515,-0.7654830345,0.2696003669,-0.6266078246,-0.8302686243,-0.7598560439,0.2477637135,-0.6234653707,-0.8524199753,-0.7492614403,0.1687396691,-0.6175374461,-0.8673541739,-0.7336518311,0.1655414013,-0.6079601144,-0.8749608350,-0.7130050935,0.1677646648,-0.5937049005,-0.8751837343,-0.6873244864
1975/12/31,0.2762308205,-0.6367446676,-0.8145356291,-0.7768560439,0.2609451574,-0.6302921740,-0.8402374487,-0.7662614403,0.2465866148,-0.6215522624,-0.8587973795,-0.7506518311,0.1777106002,-0.6098974425,-0.8700782369,-0.7300050935,0.1809506698,-0.5944739252,-0.8739966391,-0.7043244864,0.1897758640,-0.5742895535,-0.8705236234,-0.6736386337
1976/03/31,0.2695754326,-0.6392868961,-0.8262686243,-0.7832614403,0.2614700562,-0.6273736498,-0.8484199753,-0.7676518311,0.2544930971,-0.6131280883,-0.8633541739,-0.7470050935,0.1934837224,-0.5959142654,-0.8709608350,-0.7213244864,0.2027791609,-0.5748905620,-0.8711837343,-0.6906386337,0.2177084470,-0.5491027809,-0.8640212242,-0.6550013802
1976/06/30,0.2720222060,-0.6352615567,-0.8362374487,-0.7846518311,0.2709296389,-0.6180092000,-0.8547973795,-0.7640050935,0.2710255901,-0.5984502381,-0.8660782369,-0.7383244864,0.2154989639,-0.5759402435,-0.8699966391,-0.7076386337,0.2303405327,-0.5496499936,-0.8665236234,-0.6720013802,0.2507647064,-0.5186630842,-0.8556848603,-0.6314915202
1976/09/30,0.2833016014,-0.6248360033,-0.8444199753,-0.7810050935,0.2888455632,-0.6024650544,-0.8593541739,-0.7553244864,0.2955078500,-0.5778775716,-0.8669608350,-0.7246386337,0.2430647363,-0.5504190183,-0.8671837343,-0.6890013802,0.2628370892,-0.5192712271,-0.8600212242,-0.6484915202,0.2880586982,-0.4835538907,-0.8455262460,-0.6032124004
1976/12/31,0.3029120533,-0.6082864418,-0.8507973795,-0.7723244864,0.3145223634,-0.5811082174,-0.8620782369,-0.7416386337,0.3270670473,-0.5518593585,-0.8659966391,-0.7060013802,0.2753798141,-0.5198722356,-0.8625236234,-0.6654915202,0.2993846854,-0.4843371170,-0.8516848603,-0.6202124004,0.3286434806,-0.4444068980,-0.8335604641,-0.5702913994
1977/03/31,0.3301359943,-0.5859893290,-0.8553541739,-0.7586386337,0.3470697306,-0.5543953312,-0.8629608350,-0.7230013802,0.3646616790,-0.5209219170,-0.8631837343,-0.6824915202,0.3115582800,-0.4848843297,-0.8560212242,-0.6372124004,0.3390399563,-0.4454777147,-0.8415262460,-0.5872913994,0.3715398682,-0.4018844459,-0.8198059386,-0.5328792855
1977/06/30,0.3640623546,-0.5584101475,-0.8580782369,-0.7400013802,0.3854306004,-0.5228592451,-0.8619966391,-0.6994915202,0.4071144512,-0.4856533543,-0.8585236234,-0.6542124004,0.3506567765,-0.4460858576,-0.8476848603,-0.6042913994,0.3808290427,-0.4033526564,-0.8295604641,-0.5498792855,0.4157658296,-0.3566614424,-0.8042844002,-0.4911494574
1977/09/30,0.4036148560,-0.5260898909,-0.8589608350,-0.7164915202,0.4284141939,-0.4870936945,-0.8591837343,-0.6712124004,0.4531491334,-0.4466868662,-0.8520212242,-0.6212913994,0.3917032381,-0.4041358826,-0.8375262460,-0.5668792855,0.4237769463,-0.3586331138,-0.8158059386,-0.5081494574,0.4603656448,-0.3094073792,-0.7870208464,-0.4452970702
1977/12/31,0.4475852455,-0.4896296672,-0.8579966391,-0.6882124004,0.4747330100,-0.4477365476,-0.8545236234,-0.6382913994,0.5014302635,-0.4046830953,-0.8436848603,-0.5838792855,0.4337262360,-0.3597039306,-0.8255604641,-0.5251494574,0.4669366265,-0.3119838453,-0.8002844002,-0.4622970702,0.5044379418,-0.2607689665,-0.7680434951,-0.3955380519
1978/03/31,0.4946704633,-0.4496738757,-0.8551837343,-0.6552913994,0.5230426479,-0.4054521200,-0.8480212242,-0.6008792855,0.5506044985,-0.3603120734,-0.8335262460,-0.5421494574,0.4757840478,-0.3134520558,-0.8118059386,-0.4792970702,0.5094169612,-0.2640458752,-0.7830208464,-0.4125380519,0.5471617707,-0.2113538986,-0.7473837326,-0.3421080159
1978/06/30,0.5435126232,-0.4068924602,-0.8505236234,-0.6178792855,0.5719832541,-0.3609130820,-0.8396848603,-0.5591494574,0.5993423583,-0.3142352821,-0.8215604641,-0.4962970702,0.5169925741,-0.2660175466,-0.7962844002,-0.4295380519,0.5504087320,-0.2154203122,-0.7640434951,-0.3591080159,0.5878199353,-0.1617162211,-0.7250760556,-0.2852610731
1978/09/30,0.5927405980,-0.3619627634,-0.8440212242,-0.5761494574,0.6202213381,-0.3147824948,-0.8295262460,-0.5132970702,0.6463790948,-0.2670883633,-0.8078059386,-0.4465380519,0.5565512643,-0.2179967784,-0.7790208464,-0.3761080159,0.5892078496,-0.1666537795,-0.7433837326,-0.3022610731,0.6258188812,-0.1123437252,-0.7011580071,-0.2252685519
1978/12/31,0.6410119526,-0.3155515195,-0.8356848603,-0.5302970702,0.6664906913,-0.2676965062,-0.8175604641,-0.4635380519,0.6905534503,-0.2194649889,-0.7922844002,-0.3931080159,0.5937662663,-0.1699306881,-0.7600434951,-0.3192610731,0.6252351265,-0.1182258780,-0.7210760556,-0.2422685519,0.6607045518,-0.0636477274,-0.6756701073,-0.1624176311
1979/03/31,0.6870539590,-0.2682975148,-0.8255262460,-0.4805380519,0.7096311701,-0.2202482151,-0.8038059386,-0.4101080159,0.7308431270,-0.1719023595,-0.7750208464,-0.3362610731,0.6280701091,-0.1222922916,-0.7393837326,-0.2592685519,0.6580520019,-0.0705390435,-0.6971580071,-0.1794176311,0.6921737385,-0.0159555213,-0.6486557788,-0.0970098923
1979/06/30,0.7297024517,-0.2207954278,-0.8135604641,-0.4271080159,0.7486241665,-0.1729731763,-0.7882844002,-0.3532610731,0.7663958937,-0.1248687577,-0.7560434951,-0.2762685519,0.6590373234,-0.0754766018,-0.7170760556,-0.1964176311,0.6873717530,-0.0239110819,-0.6716701073,-0.1140098923,0.7200805944,0.0304942937,-0.6201612658,-0.0293598009
1979/09/30,0.7679373475,-0.1735813191,-0.7998059386,-0.3702610731,0.7826236911,-0.1263369682,-0.7710208464,-0.2932685519,0.7965553846,-0.0787535105,-0.7353837326,-0.2134176311,0.6863955355,-0.0297932346,-0.6931580071,-0.1310098923,0.7130658590,0.0214294132,-0.6446557788,-0.0463598009,0.7444381249,0.0755534918,-0.5902355491,0.0402068790
1979/12/31,0.8009137543,-0.1271201945,-0.7842844002,-0.3102685519,0.8109821243,-0.0807251819,-0.7520434951,-0.2304176311,0.8208808046,-0.0338596482,-0.7130760556,-0.1480098923,0.7100317019,0.0145380971,-0.6676701073,-0.0633598009,0.7351653338,0.0653446451,-0.6161612658,0.0232068790,0.7654146197,0.1191628825,-0.5589302555,0.1113547256
1980/03/31,0.8279877222,-0.0817959986,-0.7670208464,-0.2474176311,0.8332698499,-0.0364361144,-0.7313837326,-0.1650098923,0.8391599393,0.0096005388,-0.6891580071,-0.0803598009,0.7299933022,0.0573890846,-0.6406557788,0.0062068790,0.7538569940,0.1077861788,-0.5862355491,0.0943547256,0.7833251471,0.1613480243,-0.5262995622,0.1837403499
1980/06/30,0.8487358544,-0.0379043249,-0.7480434951,-0.1820098923,0.8492881715,0.0063236301,-0.7090760556,-0.0973598009,0.8514150717,0.0515069318,-0.6636701073,-0.0107931210,0.7464844577,0.0987212983,-0.6121612658,0.0773547256,0.7694747842,0.1487905523,-0.5549302555,0.1667403499,0.7986183791,0.2022121453,-0.4924000964,0.2570141259
1980/09/30,0.8629681751,0.0043519587,-0.7273837326,-0.1143598009,0.8590751112,0.0474405183,-0.6851580071,-0.0277931210,0.8579016166,0.0918299822,-0.6366557788,0.0603547256,0.7598570989,0.1385817056,-0.5822355491,0.1497403499,0.7824864290,0.1884720950,-0.5222995622,0.2400141259,0.8118591567,0.2419265166,-0.4572908313,0.3308219523
1980/12/31,0.8707338579,0.0448640521,-0.7050760556,-0.0447931210,0.8629039074,0.0868924239,-0.6596701073,0.0433547256,0.8590995075,0.1306261451,-0.6081612658,0.1327403499,0.7705974533,0.1770953912,-0.5509302555,0.2230141259,0.7934758244,0.2270131959,-0.4884000964,0.3138219523,0.8237073373,0.2807185959,-0.4210329764,0.4048070368
1981/03/31,0.8723196285,0.0836155152,-0.6811580071,0.0263547256,0.8612742436,0.1247439924,-0.6326557788,0.1157403499,0.8556975871,0.1680305107,-0.5782355491,0.2060141259,0.7793082683,0.2144557239,-0.5182995622,0.2968219523,0.8031217102,0.2646523437,-0.4532908313,0.3878070368,0.8348935756,0.3188583331,-0.3836898648,0.4786116938
1981/06/30,0.8682408768,0.1206775788,-0.6556701073,0.0987403499,0.8548964627,0.1611391946,-0.6041612658,0.1890141259,0.8485714632,0.2042468772,-0.5469302555,0.2798219523,0.7866873102,0.2509122933,-0.4844000964,0.3708070368,0.8121732773,0.3016703275,-0.4170329764,0.4616116938,0.8461927847,0.3566430800,-0.3453268359,0.5518791470
1981/09/30,0.8592257339,0.1562016363,-0.6286557788,0.1720141259,0.8446692306,0.1962913167,-0.5742355491,0.2628219523,0.8387554912,0.2395355896,-0.5142995622,0.3538070368,0.7935027976,0.2867570068,-0.4492908313,0.4446116938,0.8214234590,0.3383750454,-0.3796898648,0.5348791470,0.8583960950,0.3943815929,-0.3060111143,0.6242553269
1981/12/31,0.8461925779,0.1904091640,-0.6001612658,0.2458219523,0.8316513109,0.2304707090,-0.5429302555,0.3368070368,0.8274097203,0.2741995348,-0.4804000964,0.4276116938,0.8005665176,0.3223087932,-0.4130329764,0.5178791470,0.8316807240,0.3750854079,-0.3413268359,0.6072553269,0.8722821750,0.4323776443,-0.2658116865,0.6953906551
1982/03/31,0.8302216328,0.2235793930,-0.5702355491,0.3198070368,0.8170282900,0.2639906882,-0.5102995622,0.4106116938,0.8157827941,0.3085687428,-0.4452908313,0.5008791470,0.8087054463,0.3578974023,-0.3756898648,0.5902553269,0.8437402379,0.4121148536,-0.3020111143,0.6783906551,0.8885887973,0.4709137696,-0.2247991721,0.7649418056
1982/06/30,0.8125215009,0.2560351276,-0.5389302555,0.3936116938,0.8020752464,0.2971920391,-0.4764000964,0.4838791470,0.8051719191,0.3429840816,-0.4090329764,0.5732553269,0.8187327390,0.3938468191,-0.3373268359,0.6613906551,0.8583552775,0.4497550057,-0.2618116865,0.7479418056,0.9079855303,0.5102356754,-0.1830456942,0.8325734351
1982/09/30,0.7943916244,0.2881271585,-0.5062995622,0.4668791470,0.7881164789,0.3304266096,-0.4412908313,0.5562553269,0.7968811055,0.3777805668,-0.3716898648,0.6443906551,0.8314189799,0.4304588207,-0.2980111143,0.7309418056,0.8762097794,0.4882599944,-0.2207991721,0.8155734351,0.9310483989,0.5505378134,-0.1406247457,0.8979598723
1982/12/31,0.7771817929,0.3202177630,-0.4724000964,0.5392553269,0.7764835003,0.3640405165,-0.4050329764,0.6273906551,0.7921789384,0.4132708150,-0.3333268359,0.7139418056,0.8474645708,0.4679972037,-0.2578116865,0.7985734351,0.8978928690,0.5278319515,-0.1790456942,0.8809598723,0.9582373042,0.5919505888,-0.0976110534,0.9607867593
1983/03/31,0.7622499058,0.3526638127,-0.4372908313,0.6103906551,0.7684725571,0.3983574944,-0.3676898648,0.6969418056,0.7922571531,0.4497291691,-0.2940111143,0.7815734351,0.8674741084,0.5066731876,-0.2167991721,0.8639598723,0.9238761591,0.5686081474,-0.1366247457,0.9437867593,0.9898769078,0.6345296271,-0.0540804399,1.0207526354
1983/06/30,0.7509192515,0.3858000224,-0.4010329764,0.6799418056,0.7653029518,0.4336629169,-0.3293268359,0.7645734351,0.7981912676,0.4873770026,-0.2538116865,0.8469598723,0.8919335406,0.5466324664,-0.1750456942,0.9267867593,0.9544945267,0.6106501924,-0.0936110534,1.0037526354,1.0261415834,0.6782474555,-0.0101096834,1.0775704562
1983/09/30,0.7444365830,0.4199228665,-0.3636898648,0.7475734351,0.7680774230,0.4701889970,-0.2900111143,0.8299598723,0.8109044660,0.5263696757,-0.2127991721,0.9097867593,0.9211908109,0.5879443305,-0.1326247457,0.9867526354,0.9899309710,0.6539356622,-0.0500804399,1.0605704562,1.0670449192,0.7229878876,0.0342236239,1.1309690401
1983/12/31,0.7439322464,0.4552756763,-0.3253268359,0.8129598723,0.7777457791,0.5081016411,-0.2498116865,0.8927867593,0.8311358322,0.5667855666,-0.1710456942,0.9697526354,0.9554405955,0.6305932208,-0.0896110534,1.0435704562,1.0302060355,0.6983524354,-0.0061096834,1.1139690401,1.1124341161,0.7685433150,0.0788412200,1.1806944345
1984/03/31,0.7503835620,0.4920353889,-0.2860111143,0.8757867593,0.7950728868,0.5474893816,-0.2087991721,0.9527526354,0.8594139041,0.6086175398,-0.1286247457,1.0265704562,0.9947136187,0.6744730006,-0.0460804399,1.0969690401,1.0751721436,0.7436959463,0.0382236239,1.1636944345,1.1619894824,0.8146150231,0.1236643170,1.2265111956
1984/06/30,0.7645825603,0.5303013760,-0.2458116865,0.9357526354,0.8206119884,0.5883547491,-0.1670456942,1.0095704562,0.8960363620,0.6517671387,-0.0856110534,1.0799690401,1.0388708934,0.7193841530,-0.0021096834,1.1466944345,1.1245130444,0.7896694730,0.0828412200,1.2095111956,1.2152290719,0.8608165570,0.1686137472,1.2682035748
1984/09/30,0.7871090495,0.5700867145,-0.2047991721,0.9925704562,0.8546841635,0.6306083749,-0.1246247457,1.0629690401,0.9410564859,0.6960417116,-0.0420804399,1.1296944345,1.0876030886,0.7650340208,0.0422236239,1.1925111956,1.1777484199,0.8358874834,0.1276643170,1.2512035748,1.2715183581,0.9066800683,0.2136101093,1.3055766058
1984/12/31,0.8183098323,0.6113121899,-0.1630456942,1.0459690401,0.8973645696,0.6740660305,-0.0816110534,1.1126944345,0.9942768120,0.7411545860,0.0018903166,1.1755111956,1.1404350722,0.8110401148,0.0868412200,1.2342035748,1.2342435449,0.8818819743,0.1726137472,1.2885766058,1.3300846872,0.9516654867,0.2585739154,1.3384570867
1985/03/31,0.8582847102,0.6538032399,-0.1206247457,1.0956944345,0.9484758969,0.7184487242,-0.0380804399,1.1585111956,1.0552502072,0.7867283215,0.0462236239,1.2172035748,1.1967355236,0.8569364242,0.1316643170,1.2715766058,1.2932237415,0.9271116440,0.2176101093,1.3214570867,1.3900361060,0.9951722706,0.3034257375,1.3666944535
1985/06/30,0.9068797105,0.6972899603,-0.0776110534,1.1415111956,1.0075892575,0.7633858801,0.0058903166,1.2002035748,1.1232883611,0.8323009720,0.0908412200,1.2545766058,1.2557313565,0.9021825705,0.1766137472,1.3044570867,1.3537932271,0.9709736546,0.2625739154,1.3496944535,1.4503840328,1.0365534135,0.3480863549,1.3901615380
1985/09/30,0.9636877601,0.7414101990,-0.0340804399,1.1832035748,1.0740325083,0.8084215372,0.0502236239,1.2375766058,1.1974774723,0.8773352018,0.1356643170,1.2874570867,1.3165265529,0.9461755606,0.2216101093,1.3326944535,1.4149578205,1.0128176595,0.3074257375,1.3731615380,1.5100691182,1.0751313114,0.3924769003,1.4087552089
1985/12/31,1.0280568064,0.7857156754,0.0098903166,1.2205766058,1.1469057877,0.8530234085,0.0948412200,1.2704570867,1.2767006930,0.9212300105,0.1806137472,1.3156944535,1.3781248708,0.9882638169,0.2665739154,1.3561615380,1.4756508555,1.0519617036,0.3520863549,1.3917552089,1.5679895508,1.1102150422,0.4365190056,1.4223968916
1986/03/31,1.0991051688,0.8296809671,0.0542236239,1.2534570867,1.2251038310,0.8965945583,0.1396643170,1.2986944535,1.3596666936,0.9633347433,0.2256101093,1.3391615380,1.4394557778,1.0277630875,0.3114257375,1.3747552089,1.5347615542,1.0877095418,0.3964769003,1.4053968916,1.6230309827,1.1411185581,0.4801349469,1.4310329638
1986/06/30,1.1757436846,0.8727151236,0.0988412200,1.2816944535,1.3073444279,0.9384873747,0.1846137472,1.3221615380,1.4449435283,1.0029649935,0.2705739154,1.3577552089,1.4994028600,1.0639737879,0.3560863549,1.3883968916,1.5911650364,1.1193688825,0.4405190056,1.4140329638,1.6740972041,1.1671792648,0.5232477882,1.4346350262
1986/09/30,1.2567040181,0.9141755814,0.1436643170,1.3051615380,1.3922022032,0.9780194435,0.2296101093,1.3407552089,1.5309968218,1.0394199452,0.3154257375,1.3713968916,1.5568338837,1.0961992747,0.4004769003,1.3970329638,1.6437530911,1.1462700258,0.4841349469,1.4176350262,1.7201406664,1.1877764486,0.5657815236,1.4332000448
1986/12/31,1.3405723116,0.9533839912,0.1886137472,1.3237552089,1.4781467419,1.0144908716,0.2745739154,1.3543968916,1.6162311694,1.0720006586,0.3600863549,1.3800329638,1.6106316355,1.1237645253,0.4445190056,1.4006350262,1.6914648123,1.1677843561,0.5272477882,1.4162000448,1.7601919611,1.2023490076,0.6076612178,1.4267503672
1987/03/31,1.4258272032,0.9896435030,0.2336101093,1.3373968916,1.5635839524,1.0472025647,0.3194257375,1.3630329638,1.6990335464,1.1000287714,0.4044769003,1.3836350262,1.6597246409,1.1460346805,0.4881349469,1.3992000448,1.7333162004,1.1833421491,0.5697815236,1.4097503672,1.7933873837,1.2104119696,0.6488131445,1.4153336090
1987/06/30,1.5108811058,1.0222570146,0.2785739154,1.3460329638,1.6468994630,1.0754749287,0.3640863549,1.3666350262,1.7778174602,1.1228650727,0.4485190056,1.3822000448,1.7031168639,1.1624329100,0.5312477882,1.3927503672,1.7684278623,1.1924491698,0.6116612178,1.3983336090,1.8189937730,1.2115713037,0.6891649230,1.3990224148
1987/09/30,1.5941235420,1.0505458552,0.3234257375,1.3496350262,1.7265027853,1.0986664566,0.4084769003,1.3652000448,1.8510665576,1.1399274096,0.4921349469,1.3757503672,1.7399155185,1.1724570773,0.5737815236,1.3813336090,1.7960499952,1.1947015714,0.6528131445,1.3820224148,1.8364298887,1.2055365863,0.7286456518,1.3779140912
1987/12/31,1.6739652706,1.0738683627,0.3680863549,1.3482000448,1.8008709578,1.1161916557,0.4525190056,1.3587503672,1.9173764112,1.1507074018,0.5352477882,1.3643336090,1.7693561764,1.1756947129,0.6156612178,1.3650224148,1.8155839182,1.1897986536,0.6931649230,1.3609140912,1.8452836947,1.1921311400,0.7671860396,1.3521301174
1988/03/31,1.7488819172,1.0916378130,0.4124769003,1.3417503672,1.8685903925,1.1275377940,0.4961349469,1.3473336090,1.9754932659,1.1547854738,0.5777815236,1.3480224148,1.7908244339,1.1718358538,0.6568131445,1.3439140912,1.8265995174,1.1775530983,0.7326456518,1.3351301174,1.8453250334,1.1712993373,0.8047185338,1.3218155323
1988/06/30,1.8174558328,1.1033391779,0.4565190056,1.3303336090,1.9283957045,1.1322799734,0.5392477882,1.3310224148,2.0243486101,1.1518437613,0.6196612178,1.3269140912,1.8038735020,1.1606833660,0.6971649230,1.3181301174,1.8288480862,1.1578983732,0.7711860396,1.3048155323,1.8365133099,1.1431108408,0.8411774449,1.2871382044
1988/09/30,1.8784149593,1.1085442195,0.5001349469,1.3140224148,1.9792043904,1.1300940857,0.5817815236,1.3099140912,2.0630885643,1.1416765075,0.6608131445,1.3011301174,1.8082372009,1.1421604404,0.7366456518,1.2878155323,1.8222701813,1.1308930745,0.8087185338,1.2701382044,1.8189999529,1.1077616429,0.8764990681,1.2482879851
1988/12/31,1.9306675684,1.1069244779,0.5432477882,1.2929140912,2.0201463439,1.1207672684,0.6236612178,1.2841301174,2.0910972266,1.1241976406,0.7011649230,1.2708155323,1.8038379774,1.1163150328,0.7751860396,1.2531382044,1.8069982573,1.0967220704,0.8451774449,1.2312879851,1.7931255712,1.0655718552,0.9106218013,1.2054757530
1989/03/31,1.9733318608,1.0982617680,0.5857815236,1.2671301174,2.0505873510,1.1042055481,0.6648131445,1.2538155323,2.1080132980,1.0994453004,0.7406456518,1.2361382044,1.7907897058,1.0833211063,0.8127185338,1.2142879851,1.7833539970,1.0556943958,0.8804990681,1.1884757530,1.7594118785,1.0169802978,0.9434862587,1.1589323503
1989/06/30,2.0057595677,1.0824558726,0.6276612178,1.2368155323,2.0701458820,1.0804384420,0.7051649230,1.2191382044,2.1137395024,1.0675831736,0.7791860396,1.1972879851,1.7693951904,1.0434766294,0.8491774449,1.1714757530,1.7518404113,1.0082379449,0.9146218013,1.1419323503,1.7185486165,0.9625360265,0.9750353807,1.1089074206
1989/09/30,2.0275528712,1.0595292029,0.6688131445,1.2021382044,2.0787026978,1.0496203738,0.7446456518,1.1802879851,2.1084445347,1.0288985877,0.8167185338,1.1544757530,1.7401384382,0.9971983724,0.8844990681,1.1249323503,1.7131289332,0.9548911017,0.9474862587,1.0919074206,1.6713758478,0.9028870263,1.0052145394,1.0556681502
1989/12/31,2.0385741593,1.0296282813,0.7091649230,1.1632879851,2.0764029984,1.0120288554,0.7831860396,1.1374757530,2.0925574849,0.9837974083,0.8531774449,1.1079323503,1.7036719279,0.9450136423,0.9186218013,1.0749074206,1.6680418787,0.8962915336,0.9790353807,1.0386681502,1.6188621307,0.8387663815,1.0339716395,0.9994979222
1990/03/31,2.0389483421,0.9930219969,0.7486456518,1.1204757530,2.0636510624,0.9680594756,0.8207185338,1.0909323503,2.0667549112,0.9327958759,0.8884990681,1.0579074206,1.6607992453,0.8875491807,0.9514862587,1.0216681502,1.6175307838,0.8331624586,1.0092145394,0.9824979222,1.5620792038,0.7709763053,1.0612572148,0.9406948884
1990/06/30,2.0290576770,0.9500966758,0.7871860396,1.0739323503,2.0410975476,0.9182178343,0.8571774449,1.0409074206,2.0319409508,0.8765096083,0.9226218013,1.0046681502,1.6124535913,0.8255175339,0.9830353807,0.9654979222,1.5626512443,0.7662967674,1.0379716395,0.9236948884,1.5021739133,0.7003704719,1.0870245195,0.8795704672
1990/09/30,2.0095292702,0.9013481019,0.8247185338,1.0239074206,2.0096198378,0.8631086442,0.8924990681,0.9876681502,1.9892210600,0.8156400745,0.9554862587,0.9484979222,1.5596727898,0.7597012748,1.0132145394,0.9066948884,1.5045349901,0.6965394436,1.0652572148,0.8625704672,1.4403381955,0.6278351458,1.1112296146,0.8164477738
1990/12/31,1.9812156392,0.8473707114,0.8611774449,0.9706681502,1.9702960282,0.8034223081,0.9266218013,0.9314979222,1.9398701639,0.7509589219,0.9870353807,0.8896948884,1.5035715244,0.6909355207,1.0419716395,0.8455704672,1.4443600045,0.6247687743,1.0910245195,0.7994477738,1.3777779805,0.5542696328,1.1338314492,0.7516599929
1991/03/31,1.9451689248,0.7888442664,0.8964990681,0.9144979222,1.9243733246,0.7399193494,0.9594862587,0.8726948884,1.8852961602,0.6832905959,1.0172145394,0.8285704672,1.4453116126,0.6200892364,1.0692572148,0.7824477738,1.3833195538,0.5518768762,1.1152296146,0.7346599929,1.3156819178,0.4805665984,1.1547919364,0.6855486991
1991/06/30,1.9026095279,0.7265183853,0.9306218013,0.8556948884,1.8732318000,0.6734131365,0.9910353807,0.8115704672,1.8269998545,0.6134937437,1.0459716395,0.7654477738,1.3860711831,0.5480458479,1.0950245195,0.7176599929,1.3225910265,0.4787500817,1.1378314492,0.6685486991,1.2551908230,0.4075928010,1.1740760236,0.6184621361
1991/09/30,1.8548901102,0.6611953701,0.9634862587,0.7945704672,1.8183445835,0.6047513909,1.0212145394,0.7484477738,1.7665325108,0.5424419250,1.0732572148,0.7006599929,1.3270136507,0.4756837101,1.1192296146,0.6515486991,1.2633054806,0.4062497318,1.1587919364,0.6014621361,1.1973687278,0.3361707732,1.1916517575,0.5507534619
1991/12/31,1.8034560335,0.5937118184,0.9950353807,0.7314477738,1.7612356624,0.5347970002,1.0499716395,0.6836599929,1.7054522673,0.4710041723,1.0990245195,0.6345486991,1.2692573908,0.4038569751,1.1418314492,0.5844621361,1.2065187789,0.3351939078,1.1780760236,0.5337534619,1.1431763600,0.2670619557,1.2074903429,0.4827789692
1992/03/31,1.7498034142,0.5249195408,1.0252145394,0.6666599929,1.7034365456,0.4644086796,1.0772572148,0.6175486991,1.6452806989,0.4000259468,1.1232296146,0.5674621361,1.2138469877,0.3333773911,1.1627919364,0.5167534619,1.1531851407,0.2663406074,1.1956517575,0.4657789692,1.0934478127,0.2009517423,1.2215661964,0.4148962901
1992/06/30,1.6954360408,0.4556663267,1.0539716395,0.6005486991,1.6464430676,0.3944220239,1.1030245195,0.5504621361,1.5874608015,0.3303110195,1.1458314492,0.4997534619,1.1617268867,0.2649975382,1.1820760236,0.4487789692,1.1041338656,0.2003728224,1.2114903429,0.3978962901,1.0488710611,0.1384368409,1.2338569931,0.3474625941
1992/09/30,1.6418224291,0.3867770991,1.0812572148,0.5334621361,1.5916736047,0.3256314816,1.1272296146,0.4827534619,1.5333176263,0.2626047815,1.1667919364,0.4317789692,1.1137182039,0.1993959569,1.1996517575,0.3808962901,1.0600498900,0.1378859213,1.2255661964,0.3304625941,1.0099728745,0.0800152803,1.2443437081,0.2808327885
1992/12/31,1.5903542866,0.3190359890,1.1070245195,0.4657534619,1.5404299321,0.2587737532,1.1498314492,0.4147789692,1.4840227135,0.1975794402,1.1860760236,0.3638962901,1.0704993537,0.1371645731,1.2154903429,0.3134625941,1.0214587208,0.0793776700,1.2378569931,0.2638327885,0.9771085351,0.0260793190,1.2530106521,0.2153577295
1993/03/31,1.5423076104,0.2531698303,1.1312296146,0.3977789692,1.4938618651,0.1945130686,1.1707919364,0.3468962901,1.4405633555,0.1358215038,1.2036517575,0.2964625941,1.0325910379,0.0787987500,1.2295661964,0.2468327885,0.9887161601,0.0252411417,1.2483437081,0.1983577295,0.9504566360,-0.0230885778,1.2598454997,0.1513824550
1993/06/30,1.4988075617,0.1898335308,1.1538314492,0.3298962901,1.4529367175,0.1334287472,1.1900760236,0.2794625941,1.4037175777,0.0778218846,1.2194903429,0.2298327885,1.0003460094,0.0246902222,1.2418569931,0.1813577295,0.9620030926,-0.0242393125,1.2570106521,0.1343824550,0.9300190772,-0.0673166165,1.2648393127,0.0892444456
1993/09/30,1.4607981454,0.1295977189,1.1747919364,0.2624625941,1.4184144591,0.0760053679,1.2076517575,0.2128327885,1.3740355483,0.0239688739,1.2335661964,0.1643577295,0.9739438816,-0.0248769228,1.2523437081,0.1173824550,0.9413254524,-0.0688889606,1.2638454997,0.0722444456,0.9156262235,-0.1065414254,1.2679865563,0.0292719240
1993/12/31,1.4290175767,0.0729389963,1.1940760236,0.1958327885,1.3908292850,0.0226258047,1.2234903429,0.1473577295,1.3518279395,-0.0254558428,1.2458569931,0.1003824550,0.9533911016,-0.0697271379,1.2610106521,0.0552444456,0.9265193381,-0.1086404670,1.2688393127,0.0122719240,0.9069470377,-0.1408027858,1.2692851097,-0.0282177986
1994/03/31,1.4039800445,0.0202330480,1.2116517575,0.1303577295,1.3704781156,-0.0264327082,1.2375661964,0.0833824550,1.3371615488,-0.0702780574,1.2563437081,0.0382444456,0.9385260533,-0.1097912017,1.2678454997,-0.0047280760,0.9172610841,-0.1435286612,1.2719865563,-0.0452177986,0.9035038509,-0.1702355425,1.2687362696,-0.0829199216
1994/06/30,1.3859643889,-0.0282492249,1.2274903429,0.0663824550,1.3574163368,-0.0709994057,1.2498569931,0.0212444456,1.3298622767,-0.1104288120,1.2650106521,-0.0217280760,0.9290291017,-0.1451010052,1.2728393127,-0.0622177986,0.9130819570,-0.1736824947,1.2732851097,-0.0999199216,0.9046913002,-0.1950589741,1.2663447481,-0.1345436908
1994/09/30,1.3750100003,-0.0723424749,1.2415661964,0.0042444456,1.3514608731,-0.1110077320,1.2603437081,-0.0387280760,1.3295253321,-0.1459391825,1.2718454997,-0.0792177986,0.9244372441,-0.1757815363,1.2759865563,-0.1169199216,0.9133870007,-0.1993144670,1.2727362696,-0.1515436908,0.9097988342,-0.2155639774,1.2621186638,-0.1828138634
1994/12/31,1.3709200323,-0.1119845974,1.2538569931,-0.0557280760,1.3522004669,-0.1464901020,1.2690106521,-0.0962177986,1.3355323237,-0.1769322710,1.2768393127,-0.1339199216,0.9241628956,-0.2020403423,1.2772851097,-0.1685436908,0.9174774397,-0.2207078730,1.2703447481,-0.1998138634,0.9180360900,-0.2320984842,1.2560695270,-0.2274720950
1995/03/31,1.3732717984,-0.1472114503,1.2643437081,-0.1132177986,1.3590128185,-0.1775698813,1.2758454997,-0.1509199216,1.3470746894,-0.2036126864,1.2799865563,-0.1855436908,0.9275162161,-0.2241548252,1.2767362696,-0.2168138634,0.9245759372,-0.2382022924,1.2661186638,-0.2444720950,0.9285603544,-0.2450515794,1.2482122184,-0.2682782413
1995/06/30,1.3814340096,-0.1781488013,1.2730106521,-0.1679199216,1.3710880415,-0.2044508637,1.2808393127,-0.2025436908,1.3631827255,-0.2262538668,1.2812851097,-0.2338138634,0.9337302785,-0.2424577852,1.2743447481,-0.2614720950,0.9338539287,-0.2521777851,1.2600695270,-0.2852782413,0.9405052676,-0.2548368239,1.2385649612,-0.3050115684
1995/09/30,1.3945903012,-0.2050017832,1.2798454997,-0.2195436908,1.3874576923,-0.2274046015,1.2839865563,-0.2508138634,1.3827593128,-0.2451836606,1.2807362696,-0.2784720950,0.9419882973,-0.2573216808,1.2701186638,-0.3022782413,0.9444601855,-0.2630383000,1.2522122184,-0.3220115684,0.9530098886,-0.2618753101,1.2271492878,-0.3374718647
1995/12/31,1.4117683132,-0.2280422118,1.2848393127,-0.2678138634,1.4070284729,-0.2467560047,1.2852851097,-0.2954720950,1.4046172956,-0.2607686330,1.2783447481,-0.3192782413,0.9514520757,-0.2691421082,1.2640695270,-0.3390115684,0.9555497321,-0.2711948200,1.2425649612,-0.3544718647,0.9652472375,-0.2665789791,1.2139900001,-0.3654804499
1996/03/31,1.4318734175,-0.2475941819,1.2879865563,-0.3124720950,1.4286195626,-0.2628676745,1.2847362696,-0.3362782413,1.4275193634,-0.2733976011,1.2741186638,-0.3560115684,0.9612907935,-0.2783210258,1.2562122184,-0.3714718647,0.9663122316,-0.2770487751,1.2311492878,-0.3824804499,0.9764514440,-0.2693347221,1.1991151233,-0.3888810753
1996/06/30,1.4537260510,-0.2640184092,1.2892851097,-0.3532782413,1.4510024286,-0.2761234764,1.2823447481,-0.3730115684,1.4502192109,-0.2834649214,1.2680695270,-0.3884718647,0.9707092536,-0.2852502511,1.2465649612,-0.3994804499,0.9759989722,-0.2809762418,1.2179900001,-0.4058810753,0.9859426791,-0.2704897589,1.1825558542,-0.4075407113
1996/09/30,1.4761015021,-0.2776958205,1.2887362696,-0.3900115684,1.4729418912,-0.2869118736,1.2781186638,-0.4054718647,1.4715027146,-0.2913540593,1.2602122184,-0.4164804499,0.9789747193,-0.2902957518,1.2351492878,-0.4228810753,0.9839476309,-0.2833134237,1.2031151233,-0.4245407113,0.9931491137,-0.2703387453,1.1643465036,-0.4213502176
1996/12/31,1.4977709292,-0.2890109152,1.2863447481,-0.4224718647,1.4932371852,-0.2956095522,1.2720695270,-0.4334804499,1.4902278689,-0.2974219575,1.2505649612,-0.4398810753,0.9854415223,-0.2937832197,1.2219900001,-0.4415407113,0.9896040618,-0.2843438627,1.1865558542,-0.4383502176,0.9976252418,-0.2691130097,1.1445244328,-0.4302248930
1997/03/31,1.5175423505,-0.2983354276,1.2821186638,-0.4504804499,1.5107617582,-0.3025658532,1.2642122184,-0.4568810753,1.5053622596,-0.3019846958,1.2391492878,-0.4585407113,0.9895726881,-0.2959853824,1.2071151233,-0.4553502176,0.9925404472,-0.2842877796,1.1683465036,-0.4472248930,0.9990660142,-0.2669722479,1.1231299846,-0.4341049024
1997/06/30,1.5343003480,-0.3060128054,1.2760695270,-0.4738810753,1.5245005878,-0.3080885040,1.2545649612,-0.4755407113,1.5160169328,-0.3053048923,1.2259900001,-0.4723502176,0.9909579194,-0.2971114445,1.1905558542,-0.4642248930,0.9924692593,-0.2832938735,1.1485244328,-0.4511049024,0.9973163614,-0.2639989301,1.1002064087,-0.4329555783
1997/09/30,1.5470432688,-0.3123439969,1.2682122184,-0.4925407113,1.5335838755,-0.3124310981,1.2431492878,-0.4893502176,1.5214756245,-0.3075812405,1.2111151233,-0.4812248930,0.9893273874,-0.2972989909,1.1723465036,-0.4681049024,0.9892526122,-0.2814338323,1.1271299846,-0.4499555783,0.9923758191,-0.2601955921,1.0757997817,-0.4267675953
1997/12/31,1.5549167820,-0.3175749937,1.2585649612,-0.5063502176,1.5373160852,-0.3157827166,1.2299900001,-0.4982248930,1.5212184596,-0.3089405106,1.1945558542,-0.4851049024,0.9845609120,-0.2966086022,1.1525244328,-0.4669555783,0.9829067214,-0.2786997252,1.1042064087,-0.4437675953,0.9843981252,-0.2554850888,1.0499589219,-0.4155570173
1998/03/31,1.5572427602,-0.3218865248,1.2471492878,-0.5152248930,1.5351994362,-0.3182600205,1.2151151233,-0.5021049024,1.5149393951,-0.3094322671,1.1763465036,-0.4839555783,0.9766922483,-0.2950213508,1.1311299846,-0.4607675953,0.9736013374,-0.2750043546,1.0797997817,-0.4325570173,0.9736858047,-0.2497137996,1.0227352992,-0.3993652164
1998/06/30,1.5535425978,-0.3253862263,1.2339900001,-0.5191049024,1.5269511280,-0.3199020631,1.1985558542,-0.5009555783,1.5025568760,-0.3090264683,1.1565244328,-0.4777675953,0.9659083510,-0.2924392568,1.1082064087,-0.4495570173,0.9616541760,-0.2701845561,1.0539589219,-0.4163652164,0.9606799150,-0.2426576832,0.9941829396,-0.3782586646
1998/09/30,1.5435542448,-0.3281035391,1.2191151233,-0.5179555783,1.5125137669,-0.3206679880,1.1803465036,-0.4947675953,1.4842173720,-0.3076140268,1.1351299846,-0.4665570173,0.9525436365,-0.2886886892,1.0837997817,-0.4333652164,0.9475205151,-0.2640073426,1.0267352992,-0.3952586646,0.9459452702,-0.2340309894,0.9643583259,-0.3523285987
1998/12/31,1.5272424267,-0.3299874979,1.2025558542,-0.5117675953,1.4920586650,-0.3204376916,1.1605244328,-0.4835570173,1.4602916866,-0.3050103148,1.1122064087,-0.4503652164,0.9370694180,-0.2835266085,1.0579589219,-0.4122586646,0.9317782804,-0.2561787010,0.9981829396,-0.3693285987,0.9301515994,-0.2234973557,0.9333202926,-0.3216905605
1999/03/31,1.5048017262,-0.3309074876,1.1843465036,-0.5005570173,1.4659819059,-0.3190154323,1.1391299846,-0.4673652164,1.4313641434,-0.3009615107,1.0877997817,-0.4292586646,0.9200788359,-0.2766494575,1.0307352992,-0.3863285987,0.9151090766,-0.2463547657,0.9683583259,-0.3386905605,0.9140512208,-0.2106829391,0.9011299176,-0.2864838149
1999/06/30,1.4766524181,-0.3306569520,1.1645244328,-0.4843652164,1.4348932829,-0.3161362806,1.1162064087,-0.4462586646,1.3982149724,-0.2951535906,1.0619589219,-0.4033285987,0.9022677402,-0.2677044252,1.0021829396,-0.3556905605,0.8982757443,-0.2341550215,0.9373202926,-0.3034838149,0.8984539161,-0.1951911729,0.8678504092,-0.2468706480
1999/09/30,1.4434291708,-0.3289599455,1.1431299846,-0.4632586646,1.3995984366,-0.3114752163,1.0917997817,-0.4203285987,1.3617964284,-0.2872236910,1.0347352992,-0.3726905605,0.8844121094,-0.2563027331,0.9723583259,-0.3204838149,0.8820971323,-0.2191771227,0.9051299176,-0.2638706480,0.8841997791,-0.1766186844,0.8335469893,-0.2030355491
1999/12/31,1.4059629404,-0.3254803337,1.1202064087,-0.4373285987,1.3610747245,-0.3046585933,1.0659589219,-0.3896905605,1.3232033584,-0.2767734896,1.0061829396,-0.3374838149,0.8673426949,-0.2420345327,0.9413202926,-0.2808706480,0.8674208558,-0.2010128653,0.8718504092,-0.2200355491,0.8721308715,-0.1545718733,0.7982867723,-0.1551842816
